{
    "sub-flows": [
        {
            "id": 1,
            "payload-size": {
                "type": "rv",
                "min": 691,
                "max": 1448,
                "mean": 744.381,
                "std-dev": 191.231
            },
            "inter-packet-times": {
                "type": "rv",
                "min": 0.000008,
                "max": 2.019497,
                "mean": 0.059936,
                "std-dev": 0.077852    
            }
        },
        {
            "id": 2,
            "payload-size": {
                "type": "rv",
                "min": 883,
                "max": 1448,
                "mean": 977.167,
                "std-dev": 230.660
            },
            "inter-packet-times": {
                "type": "rv",
                "min": 5.046386,
                "max": 21.891857,
                "mean": 12.685215,
                "std-dev": 7.26557    
            }
        },
        {
            "id": 3,
            "payload-size": {
                "type": "rv",
                "min": 2004,
                "max": 202720,
                "mean": 7761.412,
                "std-dev": 11299.521
            },
            "inter-packet-times": {
                "type": "rv",
                "min": 0.000006,
                "max": 0.252874,
                "mean": 0.065435,
                "std-dev": 0.021381
            }
        },
        {
            "id": 4,
            "payload-size": {
                "type": "rv",
                "min": 5,
                "max": 1420,
                "mean": 730.692,
                "std-dev": 451.447
            },
            "inter-packet-times": {
                "type": "rv",
                "min": 0.087334,
                "max": 5.042865,
                "mean": 0.941867,
                "std-dev": 0.927757
            }
        }
    ]
}